id,customer_id,property_id,value,create_dte
1,1,2,(+76) 790081588,2020-04-04 02:35:14
2,1,3,random_domain980.com,2019-11-12 17:08:12
3,1,4,Premium,2019-07-23 00:06:03
4,1,5,NO,2019-07-13 13:38:03
5,1,6,Liam,2019-11-23 16:05:23
6,1,7,Hernandez,2019-05-13 12:57:00
7,1,8,ua,2019-06-10 03:11:28
8,1,9,NO,2019-11-22 14:01:51
9,1,10,1789,2020-02-17 19:49:04
10,1,11,3399,2019-08-19 08:12:37
11,1,12,SUBCJECT:89a4779d3836ea43 TO:tidio_support_123@tidio.net FROM:email170@9c838d2e45b2ad10.com CONTENTS: 1fe46a07a9ba5f05129cab882582d907,2019-12-30 12:09:09
12,1,13,(+71) 709216075,2019-07-23 23:33:30
13,1,14,random_domain772.pl,2020-03-04 00:42:43
14,1,15,Free,2019-07-07 01:20:02
15,1,16,YES,2019-10-11 16:53:06
16,1,17,Benjam Lopez,2019-09-08 10:11:11
17,1,18,gb,2020-02-21 13:20:08
18,1,19,NO,2019-10-03 15:38:43
19,1,20,708,2019-11-12 07:11:25
21,1,22,email573@9c838d2e45b2ad10.com,2019-08-19 17:45:28
22,1,23,(+86) 769211871,2019-09-04 08:04:13
23,1,24,random_domain576.de,2020-01-17 02:19:12
24,1,25,Free,2019-09-25 04:05:27
25,1,26,YES,2020-04-18 06:47:38
26,1,27,Emma,2019-05-30 18:13:08
27,1,28,Martinez,2019-08-09 18:57:50
28,1,29,au,2019-09-28 02:17:30
29,1,30,YES,2019-08-05 14:49:11
30,1,31,730,2019-06-10 18:53:48
31,1,32,3392,2019-10-11 07:36:34
32,1,33,email162@9c838d2e45b2ad10.com,2019-11-02 20:27:36
33,1,34,(+50) 757810715,2020-03-02 10:53:59
34,1,35,nz,2020-03-18 01:23:08
35,1,36,Free,2019-08-17 22:10:47
36,1,37,random_domain437.pl,2019-09-30 23:39:06
37,1,38,YES,2020-02-11 07:32:24
38,1,39,NO,2019-08-18 00:20:37
39,1,40,random_domain622.pl,2019-10-19 19:20:13
40,1,41,NO,2019-07-01 06:46:32
41,1,42,421,2019-12-14 00:39:09
42,1,43,4550,2019-10-06 21:22:05
43,1,1,email751@9c838d2e45b2ad10.com,2019-10-28 14:04:05
44,2,2,(+58) 740654096,2019-11-08 08:48:06
45,2,3,random_domain359.pl,2019-07-07 16:26:46
46,2,4,Premium,2020-03-12 13:29:43
47,2,5,YES,2019-06-17 10:20:30
48,2,6,Olivia,2019-07-05 00:59:13
49,2,7,Miller,2019-05-14 19:37:30
50,2,8,pk,2020-02-11 01:56:34
51,2,9,YES,2020-02-29 02:14:09
52,2,10,937,2020-02-26 22:56:49
53,2,11,7491,2019-08-08 05:49:02
54,2,12,SUBCJECT:a2557a7b2e94197f TO:tidio_support_123@tidio.net FROM:email335@9c838d2e45b2ad10.com CONTENTS: 3d36c07721a0a5a96436d6c536a132ec,2019-06-10 02:45:09
55,2,13,(+79) 759691584,2019-08-15 10:19:43
56,2,14,random_domain578.com,2019-12-11 12:06:51
57,2,15,Free,2019-09-25 10:51:40
58,2,16,YES,2020-04-01 23:17:00
59,2,17,Sophia Williams,2019-12-25 21:53:04
60,2,18,de,2020-03-04 21:22:10
61,2,19,NO,2019-08-24 15:00:32
62,2,20,1178,2019-05-26 18:47:38
63,2,21,4536,2019-06-28 03:57:20
64,2,22,email320@9c838d2e45b2ad10.com,2019-07-17 23:57:33
65,2,23,(+50) 743605705,2019-07-10 14:37:44
66,2,24,random_domain550.pl,2019-11-13 23:34:40
67,2,25,Free,2019-07-03 00:08:01
68,2,26,NO,2019-06-03 04:17:20
69,2,27,Benjam,2020-03-17 06:14:21
70,2,28,Rodriguez,2019-08-05 05:53:28
72,2,30,YES,2020-01-04 05:43:45
73,2,31,1883,2020-01-03 05:46:58
74,2,32,5497,2020-01-20 08:15:34
75,2,33,email969@9c838d2e45b2ad10.com,2020-01-03 06:50:03
76,2,34,(+73) 731306250,2019-07-07 08:11:13
77,2,35,ua,2020-03-14 00:44:48
78,2,36,Free,2019-07-18 10:27:13
79,2,37,random_domain676.uk,2020-04-10 16:08:37
80,2,38,YES,2019-06-05 02:05:39
81,2,39,YES,2020-01-26 12:26:51
83,2,41,YES,2019-10-15 23:36:11
84,2,42,1684,2020-03-08 22:22:49
85,2,43,7847,2019-09-06 18:44:45
87,3,2,(+66) 765247748,2019-08-11 20:09:58
88,3,3,random_domain360.com,2020-04-16 07:17:58
90,3,5,NO,2019-07-25 18:04:32
91,3,6,Charlo,2019-09-07 11:41:26
92,3,7,Gonzalez,2019-11-08 09:23:16
93,3,8,ua,2020-01-27 23:06:23
94,3,9,YES,2019-11-09 16:28:44
95,3,10,288,2019-07-07 07:05:30
96,3,11,3788,2019-10-01 08:22:59
97,3,12,SUBCJECT:831da40e59079872 TO:tidio_support_123@tidio.net FROM:email281@9c838d2e45b2ad10.com CONTENTS: 35a12c43227f217207d4e06ffefe39d3,2019-12-31 17:08:26
98,3,13,(+61) 715987327,2019-06-15 23:35:06
99,3,14,random_domain29.de,2019-06-13 12:10:17
100,3,15,Free,2019-11-17 18:56:25
101,3,16,NO,2019-10-19 08:16:25
102,3,17,Mason Lopez,2019-12-20 05:21:12
103,3,18,pl,2019-10-30 10:08:48
104,3,19,YES,2019-12-07 22:33:22
105,3,20,1515,2020-04-21 23:11:37
106,3,21,6652,2019-09-15 19:37:22
107,3,22,email820@9c838d2e45b2ad10.com,2019-05-15 18:02:36
108,3,23,(+80) 797007806,2019-05-27 09:29:11
109,3,24,random_domain319.net,2019-08-31 11:54:20
110,3,25,Premium,2019-07-22 07:47:19
111,3,26,YES,2019-05-18 14:46:47
113,3,28,Johnson,2019-11-19 16:40:10
114,3,29,in,2019-07-29 13:39:05
115,3,30,YES,2019-09-13 11:18:03
116,3,31,1525,2020-01-26 17:48:15
117,3,32,4226,2020-03-17 18:31:14
118,3,33,email169@9c838d2e45b2ad10.com,2019-07-13 21:36:19
119,3,34,(+70) 745507305,2019-06-07 03:42:20
120,3,35,us,2020-03-06 05:42:06
121,3,36,Premium,2019-11-19 00:55:56
122,3,37,random_domain66.uk,2019-08-03 15:28:51
123,3,38,YES,2020-04-18 10:01:02
124,3,39,YES,2019-10-02 00:57:10
125,3,40,random_domain642.de,2020-04-20 04:39:40
126,3,41,NO,2020-03-18 12:44:36
127,3,42,1090,2019-05-31 06:07:27
128,3,43,6486,2019-06-05 23:37:01
129,3,1,email419@9c838d2e45b2ad10.com,2020-03-14 07:33:20
130,4,2,(+56) 701338140,2020-01-04 20:37:44
131,4,3,random_domain358.uk,2020-01-02 10:27:30
132,4,4,Premium,2019-11-24 16:08:37
134,4,6,Isabel,2019-12-17 18:33:18
135,4,7,Hernandez,2020-03-12 13:12:13
136,4,8,gb,2020-03-30 09:49:23
137,4,9,YES,2020-01-08 17:45:16
138,4,10,1153,2020-02-20 06:52:29
139,4,11,3289,2019-07-23 16:46:55
140,4,12,SUBCJECT:9ad6aaed513b7314 TO:tidio_support_123@tidio.net FROM:email664@9c838d2e45b2ad10.com CONTENTS: 4e8412ad48562e3c9934f45c3e144d48,2020-01-28 10:39:45
141,4,13,(+64) 720630326,2019-07-07 18:36:03
142,4,14,random_domain200.net,2020-04-01 04:20:47
143,4,15,Premium,2020-03-02 22:57:39
144,4,16,NO,2020-01-12 11:05:21
145,4,17,Evelyn Hernandez,2020-01-09 18:52:06
146,4,18,ca,2019-11-02 23:45:32
147,4,19,NO,2019-08-12 15:33:07
148,4,20,1338,2019-11-19 07:36:34
149,4,21,7280,2020-04-26 02:33:30
150,4,22,email812@9c838d2e45b2ad10.com,2019-06-03 02:04:32
151,4,23,(+95) 723719525,2019-11-12 07:53:15
152,4,24,random_domain923.com,2019-10-03 03:06:36
153,4,25,Free,2019-11-11 19:53:49
154,4,26,NO,2019-08-15 12:00:15
155,4,27,Olivia,2019-10-24 22:57:15
156,4,28,Williams,2019-11-21 14:02:38
157,4,29,gb,2019-08-04 10:11:43
158,4,30,NO,2019-12-16 17:16:00
159,4,31,227,2020-01-09 18:15:37
160,4,32,1264,2019-11-20 21:29:33
161,4,33,email378@9c838d2e45b2ad10.com,2019-08-02 01:57:59
162,4,34,(+52) 751586513,2019-10-14 17:09:01
163,4,35,pl,2019-06-02 11:48:10
164,4,36,Premium,2019-07-16 19:51:06
165,4,37,random_domain120.com,2020-02-14 11:04:58
166,4,38,NO,2019-05-22 00:53:17
167,4,39,NO,2019-10-06 11:04:27
168,4,40,random_domain602.uk,2020-03-26 13:19:19
169,4,41,YES,2020-03-27 22:11:44
170,4,42,1178,2019-07-19 11:45:56
171,4,43,2177,2019-11-01 21:44:14
172,4,1,email833@9c838d2e45b2ad10.com,2020-01-03 17:04:05
173,5,2,(+94) 737302704,2019-07-28 23:35:16
174,5,3,random_domain2.pl,2019-12-30 14:19:42
175,5,4,Premium,2019-12-13 13:12:34
176,5,5,YES,2020-01-19 23:58:18
177,5,6,Ava,2019-07-15 22:31:33
178,5,7,Johnson,2019-05-27 18:11:42
179,5,8,ua,2019-07-22 20:55:23
180,5,9,YES,2019-11-04 15:43:50
181,5,10,502,2020-01-25 12:31:34
182,5,11,9397,2019-10-27 22:22:15
183,5,12,SUBCJECT:8682cc30db9c025e TO:tidio_support_123@tidio.net FROM:email534@9c838d2e45b2ad10.com CONTENTS: e105b88b3e1ac23ec811a708cd7edebf,2020-02-18 03:30:42
184,5,13,(+69) 749859008,2019-09-08 22:03:31
185,5,14,random_domain222.com,2020-01-21 18:01:51
186,5,15,Premium,2020-02-26 07:25:26
187,5,16,NO,2019-07-21 00:43:35
188,5,17,Emma Garcia,2019-08-05 21:38:50
189,5,18,gb,2020-04-05 04:49:36
190,5,19,YES,2019-12-20 14:50:05
191,5,20,615,2019-12-17 20:22:15
192,5,21,2192,2019-07-24 11:28:53
193,5,22,email399@9c838d2e45b2ad10.com,2019-09-14 08:45:36
194,5,23,(+80) 792080127,2020-02-17 23:43:21
195,5,24,random_domain264.de,2020-01-21 09:25:52
196,5,25,Free,2019-10-09 16:14:38
197,5,26,YES,2019-12-26 05:42:08
198,5,27,Olivia,2019-11-06 08:05:52
199,5,28,Brown,2020-02-23 04:29:10
200,5,29,ca,2020-04-23 10:18:22
201,5,30,YES,2019-10-20 09:23:20
202,5,31,93,2020-03-03 11:34:57
203,5,32,938,2020-04-01 13:31:04
204,5,33,email366@9c838d2e45b2ad10.com,2019-05-25 06:32:49
205,5,34,(+55) 738941741,2019-12-22 16:26:40
206,5,35,us,2019-08-18 14:12:27
207,5,36,Premium,2019-12-05 23:53:29
208,5,37,random_domain107.uk,2019-10-08 20:42:40
209,5,38,NO,2019-07-16 10:00:17
210,5,39,YES,2020-01-18 01:38:24
211,5,40,random_domain816.de,2019-07-23 22:58:33
212,5,41,YES,2019-12-20 02:06:22
213,5,42,829,2019-07-09 23:11:02
214,5,43,6051,2019-11-08 11:29:13
215,5,1,email765@9c838d2e45b2ad10.com,2019-08-16 07:32:53
216,6,2,(+54) 760467163,2020-02-03 05:58:09
217,6,3,random_domain3.uk,2019-12-08 13:53:42
218,6,4,Free,2019-10-03 12:54:01
219,6,5,NO,2019-10-13 21:59:57
220,6,6,Benjam,2020-01-11 11:49:49
221,6,7,Martinez,2019-08-18 00:44:01
222,6,8,in,2019-05-31 01:25:03
223,6,9,YES,2019-11-15 18:16:38
224,6,10,522,2020-01-09 20:27:45
225,6,11,6863,2019-09-11 06:14:20
226,6,12,SUBCJECT:659b7b42e9c002ce TO:tidio_support_123@tidio.net FROM:email410@9c838d2e45b2ad10.com CONTENTS: 73a1c863a54653d5e184b790fee14754,2019-12-20 00:02:56
227,6,13,(+62) 736463542,2019-06-02 07:10:55
228,6,14,random_domain219.de,2020-03-14 01:23:53
229,6,15,Free,2020-01-07 13:07:41
230,6,16,YES,2019-07-08 18:48:05
231,6,17,Isabel Wilson,2019-10-01 02:17:51
232,6,18,gb,2019-08-12 21:49:10
233,6,19,YES,2019-09-30 07:50:30
234,6,20,1800,2019-08-19 22:34:08
235,6,21,7329,2020-02-17 20:10:49
236,6,22,email825@9c838d2e45b2ad10.com,2020-01-16 10:15:32
237,6,23,(+54) 729380546,2019-07-24 03:26:56
238,6,24,random_domain170.pl,2019-12-02 03:04:34
239,6,25,Premium,2019-11-22 14:52:03
240,6,26,NO,2019-08-31 12:44:55
241,6,27,Benjam,2019-06-03 10:21:53
242,6,28,Davis,2019-09-19 08:08:27
243,6,29,ca,2019-11-02 11:20:45
244,6,30,NO,2019-06-22 20:15:05
245,6,31,69,2020-02-19 16:36:55
246,6,32,9465,2019-08-25 11:22:35
247,6,33,email672@9c838d2e45b2ad10.com,2019-10-17 16:33:59
248,6,34,(+62) 790433249,2020-02-02 18:26:45
249,6,35,gb,2019-07-19 09:34:06
250,6,36,Free,2020-03-15 13:44:05
251,6,37,random_domain322.de,2020-03-13 07:13:08
252,6,38,YES,2020-01-17 13:29:38
253,6,39,YES,2020-01-21 21:21:55
254,6,40,random_domain116.pl,2019-12-12 05:32:27
255,6,41,NO,2019-12-06 11:50:31
256,6,42,640,2020-02-20 05:04:42
257,6,43,984,2019-05-31 11:51:35
258,6,1,email991@9c838d2e45b2ad10.com,2020-02-11 09:34:43
259,7,2,(+98) 742651719,2019-08-10 22:54:46
260,7,3,random_domain26.pl,2019-12-23 18:33:30
261,7,4,Premium,2019-05-21 02:10:16
262,7,5,NO,2020-01-19 16:10:27
263,7,6,Ethan,2019-10-20 21:43:13
264,7,7,Davis,2019-08-26 01:04:09
265,7,8,ua,2019-12-10 14:46:53
266,7,9,YES,2020-02-19 05:10:25
268,7,11,648,2020-03-21 11:12:48
269,7,12,SUBCJECT:892c3b1c6dccd529 TO:tidio_support_123@tidio.net FROM:email779@9c838d2e45b2ad10.com CONTENTS: 3def184ad8f4755ff269862ea77393dd,2020-01-20 21:27:10
270,7,13,(+80) 776606539,2019-06-03 06:17:50
271,7,14,random_domain29.de,2019-12-23 00:42:37
272,7,15,Premium,2020-04-13 00:18:52
273,7,16,NO,2019-10-30 21:31:53
274,7,17,Elijah Martinez,2019-06-21 13:02:19
275,7,18,nz,2019-09-10 06:12:48
276,7,19,YES,2019-11-17 22:39:21
277,7,20,728,2019-07-17 12:29:27
278,7,21,8647,2020-01-29 07:22:24
279,7,22,email152@9c838d2e45b2ad10.com,2019-11-07 01:37:37
280,7,23,(+55) 798602487,2019-12-13 20:30:50
281,7,24,random_domain127.uk,2019-11-10 17:20:54
282,7,25,Premium,2020-02-13 02:01:49
283,7,26,YES,2019-09-05 00:23:29
284,7,27,Oliver,2019-07-18 11:06:45
285,7,28,Brown,2020-01-10 13:33:58
286,7,29,pl,2019-10-24 11:41:42
287,7,30,YES,2020-01-23 02:03:26
288,7,31,1933,2019-12-21 03:47:04
289,7,32,2890,2019-11-14 03:20:12
290,7,33,email794@9c838d2e45b2ad10.com,2019-09-19 03:17:17
291,7,34,(+74) 729038066,2019-05-13 18:39:14
292,7,35,gb,2020-02-15 01:05:44
293,7,36,Premium,2019-06-07 18:52:45
294,7,37,random_domain909.pl,2020-03-01 00:21:31
295,7,38,YES,2020-02-03 12:34:17
296,7,39,YES,2020-04-12 17:34:36
297,7,40,random_domain654.pl,2020-04-16 10:33:51
298,7,41,NO,2019-11-29 21:34:02
299,7,42,1580,2019-07-27 00:38:59
300,7,43,7225,2020-04-11 08:11:29
301,7,1,email619@9c838d2e45b2ad10.com,2019-07-28 03:44:18
302,8,2,(+62) 759675091,2019-07-29 21:38:25
303,8,3,random_domain343.com,2019-07-02 02:26:47
304,8,4,Free,2020-01-17 00:37:25
305,8,5,NO,2019-08-04 11:46:59
306,8,6,Emma,2019-07-14 00:12:50
307,8,7,Garcia,2019-08-11 15:58:02
308,8,8,au,2019-09-16 11:23:59
310,8,10,266,2019-11-26 22:50:33
311,8,11,4451,2019-11-09 17:21:40
312,8,12,SUBCJECT:e354fd90b2d5c777 TO:tidio_support_123@tidio.net FROM:email754@9c838d2e45b2ad10.com CONTENTS: 3c550e0c211fc613cc6ea50b88bffc0c,2019-12-27 04:03:26
313,8,13,(+66) 765227247,2019-08-21 15:00:24
314,8,14,random_domain500.uk,2019-12-19 15:08:27
315,8,15,Premium,2019-11-13 16:36:12
316,8,16,NO,2019-09-24 09:08:49
317,8,17,James Rodriguez,2019-08-17 10:56:15
318,8,18,pl,2019-09-16 00:36:00
319,8,19,NO,2019-09-27 06:54:40
320,8,20,574,2019-08-06 03:51:42
321,8,21,3758,2019-06-28 09:07:14
322,8,22,email557@9c838d2e45b2ad10.com,2019-09-19 16:29:01
323,8,23,(+60) 787806566,2020-02-12 14:35:58
324,8,24,random_domain316.pl,2019-06-12 07:03:17
325,8,25,Free,2020-03-18 21:30:13
326,8,26,NO,2019-06-15 07:01:35
328,8,28,Rodriguez,2020-03-14 09:55:12
330,8,30,YES,2020-02-09 03:11:37
331,8,31,905,2020-03-29 17:20:43
332,8,32,2497,2019-10-28 10:46:03
333,8,33,email674@9c838d2e45b2ad10.com,2020-03-27 22:25:29
334,8,34,(+78) 704640098,2019-11-22 03:21:19
335,8,35,pk,2019-11-07 13:47:53
336,8,36,Free,2020-02-02 13:55:01
337,8,37,random_domain825.de,2020-01-27 22:37:12
338,8,38,YES,2020-01-22 07:25:27
339,8,39,YES,2019-07-02 07:25:49
340,8,40,random_domain539.pl,2019-12-19 08:25:24
341,8,41,YES,2019-07-09 11:18:08
342,8,42,1205,2019-11-05 16:52:48
343,8,43,7326,2019-06-29 00:57:09
344,8,1,email496@9c838d2e45b2ad10.com,2019-06-02 08:07:36
345,9,2,(+92) 794201751,2019-07-31 19:15:19
346,9,3,random_domain335.de,2020-03-13 05:09:53
347,9,4,Premium,2019-12-08 17:47:50
348,9,5,NO,2019-11-29 01:36:49
349,9,6,Mason,2019-11-02 12:25:58
350,9,7,Wilson,2019-08-28 03:38:56
351,9,8,pl,2019-09-28 03:23:08
353,9,10,1989,2020-02-08 05:26:09
354,9,11,9038,2019-07-15 22:45:30
355,9,12,SUBCJECT:329e6581efbc90bd TO:tidio_support_123@tidio.net FROM:email554@9c838d2e45b2ad10.com CONTENTS: ce5140df15d046a66883807d18d0264b,2020-03-04 08:24:03
356,9,13,(+97) 714297468,2020-03-22 12:57:35
357,9,14,random_domain76.uk,2019-06-30 22:06:37
358,9,15,Free,2019-06-01 10:22:08
360,9,17,Oliver Lopez,2019-12-10 22:26:02
361,9,18,nz,2020-01-18 00:38:48
362,9,19,YES,2019-07-02 00:19:52
363,9,20,1114,2019-09-08 22:25:18
364,9,21,467,2019-07-21 12:59:00
365,9,22,email874@9c838d2e45b2ad10.com,2020-02-02 18:50:16
367,9,24,random_domain188.uk,2020-01-10 01:23:38
368,9,25,Free,2019-11-04 20:04:22
369,9,26,NO,2019-09-14 06:47:12
371,9,28,Gonzalez,2019-08-12 18:14:29
372,9,29,pl,2020-02-25 19:27:21
373,9,30,NO,2019-09-03 11:26:23
374,9,31,1507,2020-02-10 16:12:09
375,9,32,6610,2020-04-09 10:50:19
376,9,33,email776@9c838d2e45b2ad10.com,2019-05-20 10:03:35
377,9,34,(+90) 792441957,2019-07-27 21:05:51
378,9,35,ca,2020-04-24 01:42:06
379,9,36,Free,2020-03-18 08:24:07
380,9,37,random_domain523.de,2019-07-09 16:54:56
381,9,38,YES,2019-11-05 12:40:20
382,9,39,NO,2019-06-23 14:28:55
383,9,40,random_domain29.uk,2020-02-08 17:24:54
384,9,41,NO,2019-11-17 11:55:20
385,9,42,1963,2019-08-18 19:44:17
387,9,1,email472@9c838d2e45b2ad10.com,2019-11-06 01:40:25
388,10,2,(+56) 712391686,2019-07-30 14:40:46
389,10,3,random_domain771.com,2019-11-19 05:19:51
390,10,4,Premium,2019-10-13 07:30:32
392,10,6,Charlo,2019-10-22 20:38:29
393,10,7,Martinez,2020-04-02 10:33:23
394,10,8,pl,2019-10-29 12:44:56
395,10,9,YES,2020-03-15 01:10:24
396,10,10,1984,2019-09-01 01:30:06
397,10,11,6299,2019-07-15 15:55:15
398,10,12,SUBCJECT:f4f6dce2f3a0f9da TO:tidio_support_123@tidio.net FROM:email645@9c838d2e45b2ad10.com CONTENTS: d8700cbd38cc9f30cecb34f0c195b137,2019-12-05 02:22:18
399,10,13,(+82) 743546952,2019-08-07 07:42:33
401,10,15,Free,2020-04-20 02:52:56
402,10,16,YES,2019-10-01 07:20:00
403,10,17,Mason Gonzalez,2019-05-18 02:43:55
404,10,18,in,2020-04-08 20:37:58
405,10,19,NO,2020-03-15 05:23:16
406,10,20,1523,2019-07-09 10:37:22
407,10,21,5568,2019-08-17 07:17:37
408,10,22,email725@9c838d2e45b2ad10.com,2020-02-11 16:55:14
409,10,23,(+88) 744795481,2020-04-10 02:41:45
410,10,24,random_domain425.pl,2019-05-26 02:57:44
411,10,25,Premium,2020-04-17 19:33:17
412,10,26,NO,2019-07-06 06:49:45
413,10,27,Ethan,2019-08-05 23:42:46
414,10,28,Garcia,2019-08-09 03:01:45
415,10,29,us,2019-12-21 10:05:29
416,10,30,NO,2020-02-25 18:25:20
417,10,31,583,2020-04-17 17:09:04
418,10,32,25,2019-06-10 14:01:21
419,12,2,(+71) 785823691,2019-05-18 18:27:52
419,10,33,email531@9c838d2e45b2ad10.com,2019-12-05 02:36:59
420,14,3,random_domain367.com,2019-07-14 03:02:42
420,10,34,(+87) 715517203,2019-11-22 09:06:10
421,6,4,Premium,2020-03-21 03:55:58
421,10,35,pk,2019-05-25 14:44:54
422,15,5,NO,2020-01-12 02:46:28
422,10,36,Free,2020-04-04 13:55:43
423,10,37,random_domain267.net,2020-02-16 04:06:31
423,14,6,Elijah,2020-02-16 04:39:52
424,7,7,Martinez,2019-05-12 01:35:45
424,10,38,NO,2020-02-29 10:17:34
425,7,8,ca,2020-03-22 11:09:03
425,10,39,NO,2019-11-27 21:10:47
426,13,9,NO,2020-01-29 12:00:18
426,10,40,random_domain71.com,2019-08-25 20:18:08
427,13,10,417,2019-06-26 09:53:25
427,10,41,YES,2020-02-03 03:08:34
428,10,11,7206,2019-08-29 16:39:09
428,10,42,820,2019-06-17 22:03:38
429,11,12,SUBCJECT:f0b1d5879866f2c2 TO:tidio_support_123@tidio.net FROM:email205@9c838d2e45b2ad10.com CONTENTS: a1519de5b5d44b31a01de013b9b51a80,2020-03-30 04:46:30
429,10,43,2916,2020-01-08 11:36:13
430,12,13,(+79) 780332543,2019-08-22 03:29:30
430,10,1,email55@9c838d2e45b2ad10.com,2019-09-26 11:49:50
431,9,14,random_domain804.de,2020-02-15 05:40:20
431,11,2,(+73) 790950328,2019-07-08 18:30:49
432,11,3,random_domain104.com,2020-02-11 12:06:04
432,11,15,Free,2019-05-16 11:39:48
433,10,16,YES,2019-07-19 14:38:38
433,11,4,Free,2019-12-14 03:12:56
434,1,17,Emma Wilson,2019-08-27 11:20:57
434,11,5,NO,2019-09-25 19:33:27
435,6,18,dk,2020-01-01 03:24:00
435,11,6,Elijah,2019-07-15 06:31:49
436,11,19,NO,2019-10-31 19:25:36
436,11,7,Rodriguez,2020-01-20 20:16:54
437,7,20,1402,2019-09-03 16:27:44
438,1,21,5408,2020-01-18 08:11:57
439,13,22,email967@9c838d2e45b2ad10.com,2020-01-06 05:34:16
440,1,23,(+76) 752395292,2019-06-06 17:38:26
441,9,24,random_domain804.uk,2019-11-24 16:59:25
442,13,25,Premium,2019-10-15 03:11:11
443,8,26,NO,2019-10-08 01:34:42
444,15,27,Ava,2019-06-09 23:15:46
445,4,28,Rodriguez,2020-02-03 17:44:16
446,5,29,us,2020-02-05 05:36:11
447,13,30,NO,2020-01-21 16:46:02
448,5,31,434,2020-03-23 02:05:53
449,1,32,8611,2019-12-07 06:54:32
450,6,33,email408@9c838d2e45b2ad10.com,2019-08-04 14:20:04
451,10,34,(+10) 723170657,2019-07-14 07:58:50
452,1,35,au,2019-11-15 04:20:19
453,4,36,Premium,2019-11-12 08:33:37
454,1,37,random_domain556.com,2019-09-02 11:50:31
455,8,38,YES,2019-07-11 19:55:23
456,8,39,NO,2019-09-29 05:54:39
457,15,40,random_domain651.com,2019-08-24 17:58:38
458,5,41,YES,2020-03-03 13:52:45
459,10,42,371,2019-09-24 03:51:21
461,6,1,email378@9c838d2e45b2ad10.com,2020-01-22 18:18:04
462,15,2,(+76) 739776127,2019-10-11 02:09:26
463,6,3,random_domain982.uk,2019-06-11 18:36:20
464,16,4,Free,2020-03-07 12:35:25
465,12,5,YES,2019-11-01 21:42:54
466,13,6,Oliver,2020-01-21 09:13:22
467,11,7,Gonzalez,2019-09-04 01:44:57
468,2,8,dk,2020-01-20 20:10:36
469,3,9,NO,2020-02-19 05:33:45
470,7,10,1307,2020-03-01 18:02:52
471,8,11,2473,2020-01-16 02:47:49
472,6,12,SUBCJECT:64dafb11e52edd3c TO:tidio_support_123@tidio.net FROM:email945@9c838d2e45b2ad10.com CONTENTS: 227f6afd3b7f89b96c4bb91f95d50f6d,2019-11-26 17:18:59
473,2,13,(+10) 727929654,2019-10-01 00:09:49
474,8,14,random_domain195.uk,2019-07-13 05:41:46
475,3,15,Free,2019-12-27 08:27:48
476,3,16,YES,2020-02-29 11:29:28
477,6,17,Noah Smith,2020-02-15 11:25:45
478,2,18,dk,2019-07-18 20:26:49
479,5,19,YES,2019-11-11 19:34:36
480,4,20,1922,2019-07-30 17:53:11
481,5,21,2619,2019-12-15 17:36:09
482,12,22,email326@9c838d2e45b2ad10.com,2020-02-02 03:25:15
483,11,23,(+92) 784239029,2020-01-25 11:46:59
484,5,24,random_domain165.uk,2019-11-17 14:25:45
486,6,26,NO,2020-02-22 22:03:46
487,11,27,Elijah,2020-01-07 23:16:45
488,6,28,Williams,2020-01-14 01:41:30
489,9,29,us,2019-07-25 12:34:50
490,11,30,NO,2020-01-18 05:45:13
491,12,31,1944,2020-01-14 18:02:40
492,11,32,6222,2020-04-22 01:00:42
493,15,33,email73@9c838d2e45b2ad10.com,2019-09-27 22:46:11
494,13,34,(+89) 766728880,2019-05-18 09:54:49
495,4,35,gb,2019-10-10 14:41:55
496,11,36,Free,2019-06-01 20:00:10
497,9,37,random_domain688.pl,2019-07-30 19:10:01
498,10,38,YES,2019-07-05 22:36:49
499,9,39,NO,2020-04-07 15:06:24
500,10,40,random_domain680.net,2020-02-04 06:02:01
501,10,41,YES,2019-10-10 13:35:18
502,2,42,1458,2019-09-09 09:49:32
503,9,43,5370,2019-12-25 14:20:29
504,7,1,email640@9c838d2e45b2ad10.com,2019-08-07 14:00:23
505,10,2,(+67) 792388061,2019-12-12 08:25:01
506,5,3,random_domain291.uk,2019-07-26 11:20:06
507,10,4,Premium,2019-11-03 01:33:31
508,15,5,NO,2019-11-23 21:33:05
509,14,6,Sophia,2019-06-27 09:23:56
510,6,7,Rodriguez,2019-11-05 06:34:01
511,16,8,de,2019-10-07 14:07:51
512,13,9,NO,2019-11-08 15:19:58
513,17,10,615,2020-04-21 18:05:34
514,14,11,128,2019-06-16 11:43:11
515,14,12,SUBCJECT:9abe36658bff8131 TO:tidio_support_123@tidio.net FROM:email75@9c838d2e45b2ad10.com CONTENTS: 7de6cd35982b5384abd11277d1c25f4f,2019-10-28 06:25:31
516,11,13,(+80) 752988144,2020-03-08 05:26:49
517,10,14,random_domain710.de,2020-01-24 02:26:06
518,17,15,Free,2019-11-22 15:46:47
519,5,16,NO,2020-04-13 11:51:00
520,16,17,Oliver Jones,2020-02-05 15:04:00
521,17,18,dk,2019-11-01 01:52:06
522,6,19,NO,2019-10-24 17:50:52
523,6,20,1190,2019-11-21 08:14:26
524,11,21,9786,2019-08-01 17:53:36
525,17,22,email238@9c838d2e45b2ad10.com,2019-10-28 23:45:34
526,6,23,(+86) 712441928,2019-10-24 03:08:51
527,6,24,random_domain988.net,2019-12-28 22:27:27
528,8,25,Free,2019-12-22 06:07:42
529,6,26,YES,2019-08-02 08:16:12
530,3,27,Olivia,2020-01-21 03:55:36
531,10,28,Garcia,2019-12-30 22:07:36
532,8,29,au,2019-06-18 23:00:53
533,7,30,NO,2019-06-15 20:05:17
534,10,31,1694,2020-04-02 04:29:24
535,12,32,1152,2020-02-09 22:28:12
536,13,33,email566@9c838d2e45b2ad10.com,2019-10-28 00:28:03
537,11,34,(+86) 714391943,2019-11-24 23:51:27
538,13,35,in,2019-07-30 22:25:05
539,13,36,Free,2019-08-22 17:10:27
540,11,37,random_domain483.net,2019-07-20 00:29:55
541,14,38,YES,2019-10-08 20:10:51
542,4,39,NO,2019-09-14 16:53:57
543,5,40,random_domain13.de,2020-03-11 09:00:45
544,11,41,YES,2019-09-29 07:47:04
546,9,43,8030,2020-02-19 16:44:31
547,6,1,email641@9c838d2e45b2ad10.com,2020-02-08 05:59:14
548,5,2,(+99) 748157670,2019-11-09 15:47:29
549,14,3,random_domain153.pl,2019-11-24 01:49:03
550,5,4,Premium,2019-08-16 23:43:52
551,9,5,NO,2019-08-04 00:28:54
552,14,6,Mia,2019-06-08 09:31:22
553,10,7,Johnson,2019-09-10 06:32:59
554,4,8,in,2020-03-15 12:41:20
555,15,9,YES,2019-12-11 12:05:24
556,17,10,598,2019-12-30 17:27:45
557,4,11,4274,2019-06-30 04:55:27
558,10,12,SUBCJECT:f60ce002e5182e7b TO:tidio_support_123@tidio.net FROM:email715@9c838d2e45b2ad10.com CONTENTS: 6e3197aae95c2ff8fcab35cb730f6a86,2019-08-26 02:14:30
559,7,13,(+83) 734463234,2020-02-05 05:48:31
560,14,14,random_domain811.uk,2019-08-26 00:18:37
561,18,15,Premium,2019-10-25 16:36:17
562,13,16,NO,2019-09-01 22:38:53
563,9,17,Evelyn Gonzalez,2019-09-26 16:05:17
564,16,18,in,2020-02-14 10:13:47
565,7,19,NO,2019-11-23 23:31:20
566,10,20,868,2019-10-29 16:48:17
567,13,21,1397,2019-08-01 09:32:24
568,14,22,email750@9c838d2e45b2ad10.com,2019-05-28 03:57:54
569,12,23,(+10) 780664762,2019-06-02 10:46:47
570,17,24,random_domain895.pl,2020-01-27 15:29:09
571,15,25,Free,2019-06-11 21:41:01
572,5,26,NO,2019-05-14 06:34:01
573,6,27,Isabel,2019-09-10 23:34:08
574,11,28,Jones,2019-11-25 02:39:24
575,6,29,ua,2019-11-24 04:18:27
576,5,30,YES,2019-12-02 07:52:56
577,7,31,320,2019-05-28 12:56:41
578,14,32,7644,2020-01-03 04:57:30
579,17,33,email81@9c838d2e45b2ad10.com,2019-09-21 23:39:26
580,8,34,(+83) 716080057,2020-02-23 22:13:32
581,17,35,pk,2020-01-03 13:24:59
582,13,36,Premium,2019-10-13 04:49:45
583,12,37,random_domain725.pl,2019-09-02 23:57:43
584,15,38,NO,2020-01-06 07:24:37
585,5,39,YES,2019-05-28 19:05:17
586,9,40,random_domain588.uk,2019-07-18 12:10:10
587,9,41,NO,2019-09-27 09:24:36
588,17,42,387,2020-02-08 19:12:57
589,9,43,3149,2019-08-02 14:21:44
590,4,1,email242@9c838d2e45b2ad10.com,2019-11-01 01:53:28
591,6,2,(+88) 726975181,2019-06-14 00:32:53
592,9,3,random_domain670.com,2019-08-28 20:56:32
593,7,4,Premium,2020-03-20 05:54:22
594,18,5,YES,2019-07-14 17:41:17
595,7,6,Mia,2019-10-11 16:51:54
596,7,7,Lopez,2019-12-25 15:11:31
597,11,8,ua,2019-10-07 14:48:43
598,11,9,NO,2019-07-29 22:38:50
600,18,11,6323,2019-10-27 06:56:31
601,7,12,SUBCJECT:90fd4f88f588ae64 TO:tidio_support_123@tidio.net FROM:email105@9c838d2e45b2ad10.com CONTENTS: 0a9612880adf61ac669c2eb54e4207e3,2019-12-24 17:51:29
602,7,13,(+63) 737165745,2019-06-04 14:36:03
603,10,14,random_domain231.de,2019-05-24 18:03:27
605,9,16,YES,2019-12-25 08:57:21
606,9,17,Emma Wilson,2019-10-09 00:07:02
607,13,18,gb,2019-10-15 13:20:24
608,5,19,NO,2019-12-24 10:21:15
609,12,20,1681,2019-08-11 02:37:17
610,11,21,7858,2019-07-01 02:34:01
611,14,22,email366@9c838d2e45b2ad10.com,2019-09-26 23:07:41
612,16,23,(+94) 720204814,2019-09-21 01:38:39
613,19,24,random_domain285.pl,2019-12-03 15:13:47
614,12,25,Premium,2019-12-10 00:58:54
615,14,26,NO,2019-07-28 23:32:02
616,15,27,Amelia,2020-02-17 04:15:24
617,13,28,Wilson,2019-08-03 11:01:24
619,16,30,YES,2019-09-03 01:04:54
620,6,31,813,2019-05-29 15:17:32
621,7,32,411,2019-05-28 14:45:54
622,11,33,email123@9c838d2e45b2ad10.com,2019-10-21 20:51:29
623,16,34,(+99) 740896679,2019-07-06 19:17:40
625,13,36,Free,2019-09-30 06:38:49
